User,Weight,Height,BMI
ID_1,62,165,22.77318640955005
ID_2,76,178,23.98687034465345
ID_3,55,160,21.484374999999996
ID_4,84,180,25.925925925925924
